Packet_ID,Flow,Queue,Arrival,Deadline,Execution_Time,Scheduled,Gate_Open,Gate_Close,Response_Time
P47_1,F47,1,0,50000,710,True,0.0,710.0,710.0
P16_1,F16,6,0,200000,6727,True,806.0,7533.0,7533.0
P21_1,F21,1,0,200000,6391,True,7629.0,14020.0,14020.0
P37_1,F37,6,0,200000,4237,True,14116.0,18353.0,18353.0
P26_1,F26,2,0,200000,2432,True,18449.0,20881.0,20881.0
P44_1,F44,4,0,200000,1919,True,20977.0,22896.0,22896.0
P43_1,F43,6,0,200000,1696,True,22992.0,24688.0,24688.0
P6_1,F6,1,0,200000,1064,True,24784.0,25848.0,25848.0
P13_1,F13,2,0,200000,810,True,25944.0,26754.0,26754.0
P19_1,F19,4,0,200000,701,True,26850.0,27551.0,27551.0
P36_1,F36,2,0,400000,9346,True,27647.0,36993.0,36993.0
P31_1,F31,1,0,400000,8066,True,37089.0,45155.0,45155.0
P2_1,F2,4,0,400000,5745,True,45251.0,50996.0,50996.0
P38_1,F38,1,0,400000,3231,True,51092.0,54323.0,54323.0
P47_2,F47,1,50000,100000,710,True,54419.0,55129.0,5129.0
P27_1,F27,6,0,400000,5709,True,55225.0,60934.0,60934.0
P5_1,F5,3,0,400000,3595,True,61030.0,64625.0,64625.0
P1_1,F1,7,0,400000,3452,True,64721.0,68173.0,68173.0
P12_1,F12,2,0,400000,2842,True,68269.0,71111.0,71111.0
P18_1,F18,4,0,400000,2572,True,71207.0,73779.0,73779.0
P17_1,F17,3,0,400000,2397,True,73875.0,76272.0,76272.0
P46_1,F46,7,0,400000,2383,True,76368.0,78751.0,78751.0
P10_1,F10,6,0,400000,2285,True,78847.0,81132.0,81132.0
P45_1,F45,5,0,400000,1921,True,81228.0,83149.0,83149.0
P33_1,F33,2,0,400000,1869,True,83245.0,85114.0,85114.0
P40_1,F40,3,0,400000,1827,True,85210.0,87037.0,87037.0
P41_1,F41,7,0,400000,1700,True,87133.0,88833.0,88833.0
P3_1,F3,6,0,400000,1660,True,88929.0,90589.0,90589.0
P48_1,F48,5,0,400000,1645,True,90685.0,92330.0,92330.0
P32_1,F32,7,0,400000,1321,True,92426.0,93747.0,93747.0
P25_1,F25,3,0,400000,1122,True,93843.0,94965.0,94965.0
P24_1,F24,6,0,400000,1076,True,95061.0,96137.0,96137.0
P23_1,F23,5,0,400000,1041,True,96233.0,97274.0,97274.0
P11_1,F11,6,0,400000,907,True,97370.0,98277.0,98277.0
P22_1,F22,3,0,400000,619,True,98373.0,98992.0,98992.0
P28_1,F28,2,0,400000,600,True,99088.0,99688.0,99688.0
P34_2,F34,6,100000,200000,4366,True,100000.0,104366.0,4366.0
P30_2,F30,1,100000,200000,2355,True,104462.0,106817.0,6817.0
P42_1,F42,8,0,200000,7341,True,106913.0,114254.0,114254.0
P4_1,F4,8,0,200000,3490,True,114350.0,117840.0,117840.0
P35_1,F35,8,0,400000,11861,True,117936.0,129797.0,129797.0
P15_1,F15,8,0,400000,6953,True,129893.0,136846.0,136846.0
P7_1,F7,8,0,400000,998,True,136942.0,137940.0,137940.0
P47_4,F47,1,150000,200000,710,True,150000.0,150710.0,710.0
P14_1,F14,8,0,400000,11098,True,150806.0,161904.0,161904.0
P9_1,F9,8,0,400000,6679,True,162000.0,168679.0,168679.0
P39_1,F39,8,0,400000,3066,True,168775.0,171841.0,171841.0
P8_1,F8,8,0,400000,1849,True,171937.0,173786.0,173786.0
P20_1,F20,8,0,400000,1643,True,173882.0,175525.0,175525.0
P29_1,F29,8,0,400000,600,True,175621.0,176221.0,176221.0
P47_5,F47,1,200000,250000,710,True,200000.0,200710.0,710.0
P34_3,F34,6,200000,300000,4366,True,200806.0,205172.0,5172.0
P30_3,F30,1,200000,300000,2355,True,205268.0,207623.0,7623.0
P42_2,F42,6,200000,400000,7341,True,207719.0,215060.0,15060.0
P16_2,F16,6,200000,400000,6727,True,215156.0,221883.0,21883.0
P21_2,F21,1,200000,400000,6391,True,221979.0,228370.0,28370.0
P37_2,F37,6,200000,400000,4237,True,228466.0,232703.0,32703.0
P4_2,F4,2,200000,400000,3490,True,232799.0,236289.0,36289.0
P13_2,F13,2,200000,400000,810,True,236385.0,237195.0,37195.0
P19_2,F19,4,200000,400000,701,True,237291.0,237992.0,37992.0
P26_2,F26,8,200000,400000,2432,True,238088.0,240520.0,40520.0
P44_2,F44,8,200000,400000,1919,True,240616.0,242535.0,42535.0
P43_2,F43,8,200000,400000,1696,True,242631.0,244327.0,44327.0
P6_2,F6,8,200000,400000,1064,True,244423.0,245487.0,45487.0
P47_6,F47,8,250000,300000,710,True,250000.0,250710.0,710.0
P47_7,F47,1,300000,350000,710,True,300000.0,300710.0,710.0
P34_4,F34,8,300000,400000,4366,True,300806.0,305172.0,5172.0
P30_4,F30,8,300000,400000,2355,True,305268.0,307623.0,7623.0
P47_8,F47,1,350000,400000,710,True,350000.0,350710.0,710.0
P34_5,F34,6,400000,500000,4366,True,400000.0,404366.0,4366.0
P30_5,F30,1,400000,500000,2355,True,404462.0,406817.0,6817.0
P42_3,F42,6,400000,600000,7341,True,406913.0,414254.0,14254.0
P4_3,F4,2,400000,600000,3490,True,414350.0,417840.0,17840.0
P26_3,F26,2,400000,600000,2432,True,417936.0,420368.0,20368.0
P44_3,F44,4,400000,600000,1919,True,420464.0,422383.0,22383.0
P43_3,F43,6,400000,600000,1696,True,422479.0,424175.0,24175.0
P6_3,F6,1,400000,600000,1064,True,424271.0,425335.0,25335.0
P35_2,F35,2,400000,800000,11861,True,425431.0,437292.0,37292.0
P14_2,F14,6,400000,800000,11098,True,437388.0,448486.0,48486.0
P36_2,F36,2,400000,800000,9346,True,448582.0,457928.0,57928.0
P31_2,F31,1,400000,800000,8066,True,458024.0,466090.0,66090.0
P20_2,F20,1,400000,800000,1643,True,466186.0,467829.0,67829.0
P7_2,F7,1,400000,800000,998,True,467925.0,468923.0,68923.0
P47_10,F47,1,450000,500000,710,True,469019.0,469729.0,19729.0
P15_2,F15,3,400000,800000,6953,True,469825.0,476778.0,76778.0
P9_2,F9,7,400000,800000,6679,True,476874.0,483553.0,83553.0
P2_2,F2,4,400000,800000,5745,True,483649.0,489394.0,89394.0
P39_2,F39,5,400000,800000,3066,True,489490.0,492556.0,92556.0
P10_2,F10,6,400000,800000,2285,True,492652.0,494937.0,94937.0
P8_2,F8,4,400000,800000,1849,True,495033.0,496882.0,96882.0
P40_2,F40,3,400000,800000,1827,True,496978.0,498805.0,98805.0
P41_2,F41,7,400000,800000,1700,True,498901.0,500601.0,100601.0
P47_11,F47,1,500000,550000,710,True,500697.0,501407.0,1407.0
P3_2,F3,6,400000,800000,1660,True,501503.0,503163.0,103163.0
P24_2,F24,6,400000,800000,1076,True,503259.0,504335.0,104335.0
P11_2,F11,6,400000,800000,907,True,504431.0,505338.0,105338.0
P34_6,F34,6,500000,600000,4366,True,505434.0,509800.0,9800.0
P30_6,F30,1,500000,600000,2355,True,509896.0,512251.0,12251.0
P48_2,F48,5,400000,800000,1645,True,512347.0,513992.0,113992.0
P32_2,F32,7,400000,800000,1321,True,514088.0,515409.0,115409.0
P25_2,F25,3,400000,800000,1122,True,515505.0,516627.0,116627.0
P23_2,F23,5,400000,800000,1041,True,516723.0,517764.0,117764.0
P22_2,F22,3,400000,800000,619,True,517860.0,518479.0,118479.0
P29_2,F29,4,400000,800000,600,True,518575.0,519175.0,119175.0
P16_3,F16,8,400000,600000,6727,True,519271.0,525998.0,125998.0
P21_3,F21,8,400000,600000,6391,True,526094.0,532485.0,132485.0
P37_3,F37,8,400000,600000,4237,True,532581.0,536818.0,136818.0
P13_3,F13,8,400000,600000,810,True,536914.0,537724.0,137724.0
P19_3,F19,8,400000,600000,701,True,537820.0,538521.0,138521.0
P27_2,F27,8,400000,800000,5709,True,538617.0,544326.0,144326.0
P5_2,F5,8,400000,800000,3595,True,544422.0,548017.0,148017.0
P1_2,F1,8,400000,800000,3452,True,548113.0,551565.0,151565.0
P38_2,F38,8,400000,800000,3231,True,551661.0,554892.0,154892.0
P12_2,F12,8,400000,800000,2842,True,554988.0,557830.0,157830.0
P18_2,F18,8,400000,800000,2572,True,557926.0,560498.0,160498.0
P17_2,F17,8,400000,800000,2397,True,560594.0,562991.0,162991.0
P46_2,F46,8,400000,800000,2383,True,563087.0,565470.0,165470.0
P45_2,F45,8,400000,800000,1921,True,565566.0,567487.0,167487.0
P33_2,F33,8,400000,800000,1869,True,567583.0,569452.0,169452.0
P28_2,F28,8,400000,800000,600,True,569548.0,570148.0,170148.0
P47_12,F47,8,550000,600000,710,True,570244.0,570954.0,20954.0
P47_13,F47,1,600000,650000,710,True,600000.0,600710.0,710.0
P16_4,F16,6,600000,800000,6727,True,600806.0,607533.0,7533.0
P21_4,F21,1,600000,800000,6391,True,607629.0,614020.0,14020.0
P37_4,F37,6,600000,800000,4237,True,614116.0,618353.0,18353.0
P26_4,F26,2,600000,800000,2432,True,618449.0,620881.0,20881.0
P44_4,F44,4,600000,800000,1919,True,620977.0,622896.0,22896.0
P43_4,F43,6,600000,800000,1696,True,622992.0,624688.0,24688.0
P6_4,F6,1,600000,800000,1064,True,624784.0,625848.0,25848.0
P13_4,F13,2,600000,800000,810,True,625944.0,626754.0,26754.0
P19_4,F19,4,600000,800000,701,True,626850.0,627551.0,27551.0
P34_7,F34,8,600000,700000,4366,True,627647.0,632013.0,32013.0
P30_7,F30,8,600000,700000,2355,True,632109.0,634464.0,34464.0
P47_14,F47,1,650000,700000,710,True,650000.0,650710.0,710.0
P42_4,F42,8,600000,800000,7341,True,650806.0,658147.0,58147.0
P4_4,F4,8,600000,800000,3490,True,658243.0,661733.0,61733.0
P34_8,F34,6,700000,800000,4366,True,700000.0,704366.0,4366.0
P30_8,F30,1,700000,800000,2355,True,704462.0,706817.0,6817.0
P47_15,F47,8,700000,750000,710,True,706913.0,707623.0,7623.0
P47_16,F47,1,750000,800000,710,True,750000.0,750710.0,710.0
P47_17,F47,1,800000,850000,710,True,800000.0,800710.0,710.0
P34_9,F34,6,800000,900000,4366,True,800806.0,805172.0,5172.0
P30_9,F30,1,800000,900000,2355,True,805268.0,807623.0,7623.0
P42_5,F42,6,800000,1000000,7341,True,807719.0,815060.0,15060.0
P16_5,F16,6,800000,1000000,6727,True,815156.0,821883.0,21883.0
P21_5,F21,1,800000,1000000,6391,True,821979.0,828370.0,28370.0
P37_5,F37,6,800000,1000000,4237,True,828466.0,832703.0,32703.0
P4_5,F4,2,800000,1000000,3490,True,832799.0,836289.0,36289.0
P13_5,F13,2,800000,1000000,810,True,836385.0,837195.0,37195.0
P19_5,F19,4,800000,1000000,701,True,837291.0,837992.0,37992.0
P35_3,F35,2,800000,1200000,11861,True,838088.0,849949.0,49949.0
P14_3,F14,6,800000,1200000,11098,True,850045.0,861143.0,61143.0
P15_3,F15,3,800000,1200000,6953,True,861239.0,868192.0,68192.0
P9_3,F9,7,800000,1200000,6679,True,868288.0,874967.0,74967.0
P27_3,F27,6,800000,1200000,5709,True,875063.0,880772.0,80772.0
P5_3,F5,3,800000,1200000,3595,True,880868.0,884463.0,84463.0
P1_3,F1,7,800000,1200000,3452,True,884559.0,888011.0,88011.0
P38_3,F38,1,800000,1200000,3231,True,888107.0,891338.0,91338.0
P39_3,F39,5,800000,1200000,3066,True,891434.0,894500.0,94500.0
P12_3,F12,2,800000,1200000,2842,True,894596.0,897438.0,97438.0
P18_3,F18,4,800000,1200000,2572,True,897534.0,900106.0,100106.0
P20_3,F20,1,800000,1200000,1643,True,900202.0,901845.0,101845.0
P7_3,F7,1,800000,1200000,998,True,901941.0,902939.0,102939.0
P47_19,F47,1,900000,950000,710,True,903035.0,903745.0,3745.0
P17_3,F17,3,800000,1200000,2397,True,903841.0,906238.0,106238.0
P46_3,F46,7,800000,1200000,2383,True,906334.0,908717.0,108717.0
P45_3,F45,5,800000,1200000,1921,True,908813.0,910734.0,110734.0
P33_3,F33,2,800000,1200000,1869,True,910830.0,912699.0,112699.0
P8_3,F8,4,800000,1200000,1849,True,912795.0,914644.0,114644.0
P28_3,F28,2,800000,1200000,600,True,914740.0,915340.0,115340.0
P29_3,F29,4,800000,1200000,600,True,915436.0,916036.0,116036.0
P26_5,F26,8,800000,1000000,2432,True,916132.0,918564.0,118564.0
P44_5,F44,8,800000,1000000,1919,True,918660.0,920579.0,120579.0
P43_5,F43,8,800000,1000000,1696,True,920675.0,922371.0,122371.0
P6_5,F6,8,800000,1000000,1064,True,922467.0,923531.0,123531.0
P36_3,F36,8,800000,1200000,9346,True,923627.0,932973.0,132973.0
P10_3,F10,8,800000,1200000,2285,True,933069.0,935354.0,135354.0
P40_3,F40,8,800000,1200000,1827,True,935450.0,937277.0,137277.0
P22_3,F22,8,800000,1200000,619,True,937373.0,937992.0,137992.0
P47_20,F47,1,950000,1000000,710,True,950000.0,950710.0,710.0
P31_3,F31,8,800000,1200000,8066,True,950806.0,958872.0,158872.0
P2_3,F2,8,800000,1200000,5745,True,958968.0,964713.0,164713.0
P41_3,F41,8,800000,1200000,1700,True,964809.0,966509.0,166509.0
P3_3,F3,8,800000,1200000,1660,True,966605.0,968265.0,168265.0
P48_3,F48,8,800000,1200000,1645,True,968361.0,970006.0,170006.0
P32_3,F32,8,800000,1200000,1321,True,970102.0,971423.0,171423.0
P25_3,F25,8,800000,1200000,1122,True,971519.0,972641.0,172641.0
P24_3,F24,8,800000,1200000,1076,True,972737.0,973813.0,173813.0
P23_3,F23,8,800000,1200000,1041,True,973909.0,974950.0,174950.0
P11_3,F11,8,800000,1200000,907,True,975046.0,975953.0,175953.0
P34_10,F34,8,900000,1000000,4366,True,976049.0,980415.0,80415.0
P30_10,F30,8,900000,1000000,2355,True,980511.0,982866.0,82866.0
P34_11,F34,6,1000000,1100000,4366,True,1000000.0,1004366.0,4366.0
P30_11,F30,1,1000000,1100000,2355,True,1004462.0,1006817.0,6817.0
P42_6,F42,6,1000000,1200000,7341,True,1006913.0,1014254.0,14254.0
P4_6,F4,2,1000000,1200000,3490,True,1014350.0,1017840.0,17840.0
P26_6,F26,2,1000000,1200000,2432,True,1017936.0,1020368.0,20368.0
P44_6,F44,4,1000000,1200000,1919,True,1020464.0,1022383.0,22383.0
P43_6,F43,6,1000000,1200000,1696,True,1022479.0,1024175.0,24175.0
P6_6,F6,1,1000000,1200000,1064,True,1024271.0,1025335.0,25335.0
P47_21,F47,8,1000000,1050000,710,True,1025431.0,1026141.0,26141.0
P16_6,F16,8,1000000,1200000,6727,True,1026237.0,1032964.0,32964.0
P37_6,F37,8,1000000,1200000,4237,True,1033060.0,1037297.0,37297.0
P47_22,F47,1,1050000,1100000,710,True,1050000.0,1050710.0,710.0
P21_6,F21,8,1000000,1200000,6391,True,1050806.0,1057197.0,57197.0
P13_6,F13,8,1000000,1200000,810,True,1057293.0,1058103.0,58103.0
P19_6,F19,8,1000000,1200000,701,True,1058199.0,1058900.0,58900.0
P47_23,F47,1,1100000,1150000,710,True,1100000.0,1100710.0,710.0
P34_12,F34,6,1100000,1200000,4366,True,1100806.0,1105172.0,5172.0
P30_12,F30,1,1100000,1200000,2355,True,1105268.0,1107623.0,7623.0
P47_24,F47,8,1150000,1200000,710,True,1150000.0,1150710.0,710.0
P30_1,F30,8,0,100000,2355,False,,,
P34_1,F34,8,0,100000,4366,False,,,
P47_3,F47,8,100000,150000,710,False,,,
P47_9,F47,8,400000,450000,710,False,,,
P47_18,F47,8,850000,900000,710,False,,,
