Queue,Flow,Packet_ID,Type,Arrival,Deadline,Exec
1,F2,P2_1,O,0,400000,1430
1,F2,P2_2,M,400000,800000,1430
1,F2,P2_3,M,800000,1200000,1430
1,F28,P28_1,M,0,400000,600
1,F28,P28_2,M,400000,800000,600
1,F28,P28_3,O,800000,1200000,600
1,F42,P42_1,M,0,400000,5859
1,F42,P42_2,M,400000,800000,5859
1,F42,P42_3,O,800000,1200000,5859
1,F7,P7_1,M,0,400000,7573
1,F7,P7_2,O,400000,800000,7573
1,F7,P7_3,M,800000,1200000,7573
1,F9,P9_1,M,0,400000,4163
1,F9,P9_2,O,400000,800000,4163
1,F9,P9_3,M,800000,1200000,4163
2,F14,P14_1,M,0,400000,10375
2,F14,P14_2,O,400000,800000,10375
2,F14,P14_3,M,800000,1200000,10375
2,F24,P24_1,O,0,400000,1481
2,F24,P24_2,M,400000,800000,1481
2,F24,P24_3,M,800000,1200000,1481
2,F25,P25_1,M,0,400000,3619
2,F25,P25_2,M,400000,800000,3619
2,F25,P25_3,O,800000,1200000,3619
2,F36,P36_1,M,0,400000,7017
2,F36,P36_2,M,400000,800000,7017
2,F36,P36_3,O,800000,1200000,7017
2,F38,P38_1,M,0,400000,5028
2,F38,P38_2,M,400000,800000,5028
2,F38,P38_3,O,800000,1200000,5028
2,F40,P40_1,O,0,400000,1322
2,F40,P40_2,M,400000,800000,1322
2,F40,P40_3,M,800000,1200000,1322
3,F15,P15_1,M,0,400000,600
3,F15,P15_2,M,400000,800000,600
3,F15,P15_3,O,800000,1200000,600
3,F16,P16_1,M,0,400000,11596
3,F16,P16_2,O,400000,800000,11596
3,F16,P16_3,M,800000,1200000,11596
3,F19,P19_1,O,0,400000,6132
3,F19,P19_2,M,400000,800000,6132
3,F19,P19_3,M,800000,1200000,6132
3,F22,P22_1,O,0,400000,2026
3,F22,P22_2,M,400000,800000,2026
3,F22,P22_3,M,800000,1200000,2026
3,F48,P48_1,M,0,200000,4267
3,F48,P48_2,M,200000,400000,4267
3,F48,P48_3,O,400000,600000,4267
3,F48,P48_4,M,600000,800000,4267
3,F48,P48_5,M,800000,1000000,4267
3,F48,P48_6,O,1000000,1200000,4267
3,F6,P6_1,M,0,400000,5027
3,F6,P6_2,M,400000,800000,5027
3,F6,P6_3,O,800000,1200000,5027
4,F17,P17_1,M,0,400000,1709
4,F17,P17_2,O,400000,800000,1709
4,F17,P17_3,M,800000,1200000,1709
4,F30,P30_1,O,0,400000,11377
4,F30,P30_2,M,400000,800000,11377
4,F30,P30_3,M,800000,1200000,11377
4,F31,P31_1,M,0,400000,5666
4,F31,P31_2,O,400000,800000,5666
4,F31,P31_3,M,800000,1200000,5666
4,F33,P33_1,M,0,400000,600
4,F33,P33_2,O,400000,800000,600
4,F33,P33_3,M,800000,1200000,600
4,F39,P39_1,M,0,400000,2787
4,F39,P39_2,M,400000,800000,2787
4,F39,P39_3,O,800000,1200000,2787
4,F5,P5_1,M,0,100000,1857
4,F5,P5_2,M,100000,200000,1857
4,F5,P5_3,O,200000,300000,1857
4,F5,P5_4,M,300000,400000,1857
4,F5,P5_5,M,400000,500000,1857
4,F5,P5_6,O,500000,600000,1857
4,F5,P5_7,M,600000,700000,1857
4,F5,P5_8,M,700000,800000,1857
4,F5,P5_9,O,800000,900000,1857
4,F5,P5_10,M,900000,1000000,1857
4,F5,P5_11,M,1000000,1100000,1857
4,F5,P5_12,O,1100000,1200000,1857
4,F8,P8_1,M,0,400000,600
4,F8,P8_2,O,400000,800000,600
4,F8,P8_3,M,800000,1200000,600
5,F1,P1_1,M,0,200000,1031
5,F1,P1_2,M,200000,400000,1031
5,F1,P1_3,O,400000,600000,1031
5,F1,P1_4,M,600000,800000,1031
5,F1,P1_5,M,800000,1000000,1031
5,F1,P1_6,O,1000000,1200000,1031
5,F10,P10_1,M,0,400000,600
5,F10,P10_2,M,400000,800000,600
5,F10,P10_3,O,800000,1200000,600
5,F18,P18_1,O,0,400000,6883
5,F18,P18_2,M,400000,800000,6883
5,F18,P18_3,M,800000,1200000,6883
5,F20,P20_1,O,0,200000,7319
5,F20,P20_2,M,200000,400000,7319
5,F20,P20_3,M,400000,600000,7319
5,F20,P20_4,O,600000,800000,7319
5,F20,P20_5,M,800000,1000000,7319
5,F20,P20_6,M,1000000,1200000,7319
5,F21,P21_1,M,0,100000,7397
5,F21,P21_2,O,100000,200000,7397
5,F21,P21_3,M,200000,300000,7397
5,F21,P21_4,M,300000,400000,7397
5,F21,P21_5,O,400000,500000,7397
5,F21,P21_6,M,500000,600000,7397
5,F21,P21_7,M,600000,700000,7397
5,F21,P21_8,O,700000,800000,7397
5,F21,P21_9,M,800000,900000,7397
5,F21,P21_10,M,900000,1000000,7397
5,F21,P21_11,O,1000000,1100000,7397
5,F21,P21_12,M,1100000,1200000,7397
5,F26,P26_1,M,0,200000,11007
5,F26,P26_2,M,200000,400000,11007
5,F26,P26_3,O,400000,600000,11007
5,F26,P26_4,M,600000,800000,11007
5,F26,P26_5,M,800000,1000000,11007
5,F26,P26_6,O,1000000,1200000,11007
5,F3,P3_1,M,0,200000,6704
5,F3,P3_2,O,200000,400000,6704
5,F3,P3_3,M,400000,600000,6704
5,F3,P3_4,M,600000,800000,6704
5,F3,P3_5,O,800000,1000000,6704
5,F3,P3_6,M,1000000,1200000,6704
5,F32,P32_1,M,0,100000,1154
5,F32,P32_2,O,100000,200000,1154
5,F32,P32_3,M,200000,300000,1154
5,F32,P32_4,M,300000,400000,1154
5,F32,P32_5,O,400000,500000,1154
5,F32,P32_6,M,500000,600000,1154
5,F32,P32_7,M,600000,700000,1154
5,F32,P32_8,O,700000,800000,1154
5,F32,P32_9,M,800000,900000,1154
5,F32,P32_10,M,900000,1000000,1154
5,F32,P32_11,O,1000000,1100000,1154
5,F32,P32_12,M,1100000,1200000,1154
5,F4,P4_1,M,0,400000,7649
5,F4,P4_2,O,400000,800000,7649
5,F4,P4_3,M,800000,1200000,7649
5,F41,P41_1,M,0,200000,6034
5,F41,P41_2,O,200000,400000,6034
5,F41,P41_3,M,400000,600000,6034
5,F41,P41_4,M,600000,800000,6034
5,F41,P41_5,O,800000,1000000,6034
5,F41,P41_6,M,1000000,1200000,6034
5,F46,P46_1,M,0,100000,7381
5,F46,P46_2,O,100000,200000,7381
5,F46,P46_3,M,200000,300000,7381
5,F46,P46_4,M,300000,400000,7381
5,F46,P46_5,O,400000,500000,7381
5,F46,P46_6,M,500000,600000,7381
5,F46,P46_7,M,600000,700000,7381
5,F46,P46_8,O,700000,800000,7381
5,F46,P46_9,M,800000,900000,7381
5,F46,P46_10,M,900000,1000000,7381
5,F46,P46_11,O,1000000,1100000,7381
5,F46,P46_12,M,1100000,1200000,7381
6,F12,P12_1,O,0,400000,600
6,F12,P12_2,M,400000,800000,600
6,F12,P12_3,M,800000,1200000,600
6,F13,P13_1,M,0,200000,3721
6,F13,P13_2,M,200000,400000,3721
6,F13,P13_3,O,400000,600000,3721
6,F13,P13_4,M,600000,800000,3721
6,F13,P13_5,M,800000,1000000,3721
6,F13,P13_6,O,1000000,1200000,3721
6,F29,P29_1,M,0,200000,11099
6,F29,P29_2,O,200000,400000,11099
6,F29,P29_3,M,400000,600000,11099
6,F29,P29_4,M,600000,800000,11099
6,F29,P29_5,O,800000,1000000,11099
6,F29,P29_6,M,1000000,1200000,11099
6,F35,P35_1,O,0,400000,10960
6,F35,P35_2,M,400000,800000,10960
6,F35,P35_3,M,800000,1200000,10960
6,F37,P37_1,M,0,400000,1463
6,F37,P37_2,M,400000,800000,1463
6,F37,P37_3,O,800000,1200000,1463
6,F43,P43_1,M,0,400000,5821
6,F43,P43_2,M,400000,800000,5821
6,F43,P43_3,O,800000,1200000,5821
6,F44,P44_1,M,0,400000,3474
6,F44,P44_2,O,400000,800000,3474
6,F44,P44_3,M,800000,1200000,3474
6,F45,P45_1,O,0,50000,1636
6,F45,P45_2,M,50000,100000,1636
6,F45,P45_3,M,100000,150000,1636
6,F45,P45_4,O,150000,200000,1636
6,F45,P45_5,M,200000,250000,1636
6,F45,P45_6,M,250000,300000,1636
6,F45,P45_7,O,300000,350000,1636
6,F45,P45_8,M,350000,400000,1636
6,F45,P45_9,M,400000,450000,1636
6,F45,P45_10,O,450000,500000,1636
6,F45,P45_11,M,500000,550000,1636
6,F45,P45_12,M,550000,600000,1636
6,F45,P45_13,O,600000,650000,1636
6,F45,P45_14,M,650000,700000,1636
6,F45,P45_15,M,700000,750000,1636
6,F45,P45_16,O,750000,800000,1636
6,F45,P45_17,M,800000,850000,1636
6,F45,P45_18,M,850000,900000,1636
6,F45,P45_19,O,900000,950000,1636
6,F45,P45_20,M,950000,1000000,1636
6,F45,P45_21,M,1000000,1050000,1636
6,F45,P45_22,O,1050000,1100000,1636
6,F45,P45_23,M,1100000,1150000,1636
6,F45,P45_24,M,1150000,1200000,1636
6,F47,P47_1,M,0,50000,2450
6,F47,P47_2,O,50000,100000,2450
6,F47,P47_3,M,100000,150000,2450
6,F47,P47_4,M,150000,200000,2450
6,F47,P47_5,O,200000,250000,2450
6,F47,P47_6,M,250000,300000,2450
6,F47,P47_7,M,300000,350000,2450
6,F47,P47_8,O,350000,400000,2450
6,F47,P47_9,M,400000,450000,2450
6,F47,P47_10,M,450000,500000,2450
6,F47,P47_11,O,500000,550000,2450
6,F47,P47_12,M,550000,600000,2450
6,F47,P47_13,M,600000,650000,2450
6,F47,P47_14,O,650000,700000,2450
6,F47,P47_15,M,700000,750000,2450
6,F47,P47_16,M,750000,800000,2450
6,F47,P47_17,O,800000,850000,2450
6,F47,P47_18,M,850000,900000,2450
6,F47,P47_19,M,900000,950000,2450
6,F47,P47_20,O,950000,1000000,2450
6,F47,P47_21,M,1000000,1050000,2450
6,F47,P47_22,M,1050000,1100000,2450
6,F47,P47_23,O,1100000,1150000,2450
6,F47,P47_24,M,1150000,1200000,2450
7,F11,P11_1,M,0,100000,1069
7,F11,P11_2,M,100000,200000,1069
7,F11,P11_3,O,200000,300000,1069
7,F11,P11_4,M,300000,400000,1069
7,F11,P11_5,M,400000,500000,1069
7,F11,P11_6,O,500000,600000,1069
7,F11,P11_7,M,600000,700000,1069
7,F11,P11_8,M,700000,800000,1069
7,F11,P11_9,O,800000,900000,1069
7,F11,P11_10,M,900000,1000000,1069
7,F11,P11_11,M,1000000,1100000,1069
7,F11,P11_12,O,1100000,1200000,1069
7,F23,P23_1,M,0,400000,2721
7,F23,P23_2,M,400000,800000,2721
7,F23,P23_3,O,800000,1200000,2721
7,F27,P27_1,M,0,400000,5887
7,F27,P27_2,M,400000,800000,5887
7,F27,P27_3,O,800000,1200000,5887
7,F34,P34_1,O,0,400000,9633
7,F34,P34_2,M,400000,800000,9633
7,F34,P34_3,M,800000,1200000,9633
