Queue,Flow,Packet_ID,Type,Arrival,Deadline,Exec,Start,Finish,Slack
1,F18,P18_1,O,0,200000,1913,,,
1,F18,P18_2,M,200000,400000,1913,200000.0,201913.0,198087.0
1,F18,P18_3,O,400000,600000,1913,,,
1,F18,P18_4,O,600000,800000,1913,,,
1,F18,P18_5,M,800000,1000000,1913,800000.0,801913.0,198087.0
1,F18,P18_6,O,1000000,1200000,1913,,,
1,F33,P33_1,M,0,200000,5645,7567.0,13212.0,186788.0
1,F33,P33_2,O,200000,400000,5645,,,
1,F33,P33_3,O,400000,600000,5645,,,
1,F33,P33_4,M,600000,800000,5645,607567.0,613212.0,186788.0
1,F33,P33_5,O,800000,1000000,5645,,,
1,F33,P33_6,O,1000000,1200000,5645,,,
1,F35,P35_1,O,0,400000,7170,,,
1,F35,P35_2,M,400000,800000,7170,409760.0,416930.0,383070.0
1,F35,P35_3,O,800000,1200000,7170,,,
1,F38,P38_1,M,0,200000,7567,0.0,7567.0,192433.0
1,F38,P38_2,O,200000,400000,7567,,,
1,F38,P38_3,O,400000,600000,7567,,,
1,F38,P38_4,M,600000,800000,7567,600000.0,607567.0,192433.0
1,F38,P38_5,O,800000,1000000,7567,,,
1,F38,P38_6,O,1000000,1200000,7567,,,
1,F43,P43_1,O,0,200000,9760,,,
1,F43,P43_2,O,200000,400000,9760,,,
1,F43,P43_3,M,400000,600000,9760,400000.0,409760.0,190240.0
1,F43,P43_4,O,600000,800000,9760,,,
1,F43,P43_5,O,800000,1000000,9760,,,
1,F43,P43_6,M,1000000,1200000,9760,1000000.0,1009760.0,190240.0
1,F47,P47_1,O,0,400000,1573,,,
1,F47,P47_2,O,400000,800000,1573,,,
1,F47,P47_3,M,800000,1200000,1573,804740.0,806313.0,393687.0
1,F5,P5_1,O,0,400000,600,,,
1,F5,P5_2,O,400000,800000,600,,,
1,F5,P5_3,M,800000,1200000,600,806313.0,806913.0,393087.0
1,F6,P6_1,O,0,400000,2827,,,
1,F6,P6_2,O,400000,800000,2827,,,
1,F6,P6_3,M,800000,1200000,2827,801913.0,804740.0,395260.0
2,F15,P15_1,M,0,400000,4157,639.0,4796.0,395204.0
2,F15,P15_2,O,400000,800000,4157,,,
2,F15,P15_3,O,800000,1200000,4157,,,
2,F21,P21_1,O,0,200000,986,,,
2,F21,P21_2,O,200000,400000,986,,,
2,F21,P21_3,M,400000,600000,986,400000.0,400986.0,199014.0
2,F21,P21_4,O,600000,800000,986,,,
2,F21,P21_5,O,800000,1000000,986,,,
2,F21,P21_6,M,1000000,1200000,986,1000000.0,1000986.0,199014.0
2,F27,P27_1,O,0,400000,5245,,,
2,F27,P27_2,M,400000,800000,5245,400986.0,406231.0,393769.0
2,F27,P27_3,O,800000,1200000,5245,,,
2,F34,P34_1,O,0,400000,600,,,
2,F34,P34_2,O,400000,800000,600,,,
2,F34,P34_3,M,800000,1200000,600,803039.0,803639.0,396361.0
2,F37,P37_1,O,0,400000,3039,,,
2,F37,P37_2,O,400000,800000,3039,,,
2,F37,P37_3,M,800000,1200000,3039,800000.0,803039.0,396961.0
2,F44,P44_1,M,0,200000,639,0.0,639.0,199361.0
2,F44,P44_2,O,200000,400000,639,,,
2,F44,P44_3,O,400000,600000,639,,,
2,F44,P44_4,M,600000,800000,639,600000.0,600639.0,199361.0
2,F44,P44_5,O,800000,1000000,639,,,
2,F44,P44_6,O,1000000,1200000,639,,,
3,F17,P17_1,O,0,400000,11751,,,
3,F17,P17_2,O,400000,800000,11751,,,
3,F17,P17_3,M,800000,1200000,11751,800837.0,812588.0,387412.0
3,F19,P19_1,O,0,400000,1213,,,
3,F19,P19_2,M,400000,800000,1213,406962.0,408175.0,391825.0
3,F19,P19_3,O,800000,1200000,1213,,,
3,F25,P25_1,O,0,200000,837,,,
3,F25,P25_2,M,200000,400000,837,200000.0,200837.0,199163.0
3,F25,P25_3,O,400000,600000,837,,,
3,F25,P25_4,O,600000,800000,837,,,
3,F25,P25_5,M,800000,1000000,837,800000.0,800837.0,199163.0
3,F25,P25_6,O,1000000,1200000,837,,,
3,F40,P40_1,O,0,400000,3953,,,
3,F40,P40_2,M,400000,800000,3953,400000.0,403953.0,396047.0
3,F40,P40_3,O,800000,1200000,3953,,,
3,F41,P41_1,O,0,400000,3009,,,
3,F41,P41_2,M,400000,800000,3009,403953.0,406962.0,393038.0
3,F41,P41_3,O,800000,1200000,3009,,,
3,F42,P42_1,M,0,200000,2986,0.0,2986.0,197014.0
3,F42,P42_2,O,200000,400000,2986,,,
3,F42,P42_3,O,400000,600000,2986,,,
3,F42,P42_4,M,600000,800000,2986,600000.0,602986.0,197014.0
3,F42,P42_5,O,800000,1000000,2986,,,
3,F42,P42_6,O,1000000,1200000,2986,,,
3,F45,P45_1,M,0,400000,11090,2986.0,14076.0,385924.0
3,F45,P45_2,O,400000,800000,11090,,,
3,F45,P45_3,O,800000,1200000,11090,,,
4,F1,P1_1,M,0,100000,2687,3346.0,6033.0,93967.0
4,F1,P1_2,O,100000,200000,2687,,,
4,F1,P1_3,O,200000,300000,2687,,,
4,F1,P1_4,M,300000,400000,2687,303346.0,306033.0,93967.0
4,F1,P1_5,O,400000,500000,2687,,,
4,F1,P1_6,O,500000,600000,2687,,,
4,F1,P1_7,M,600000,700000,2687,603346.0,606033.0,93967.0
4,F1,P1_8,O,700000,800000,2687,,,
4,F1,P1_9,O,800000,900000,2687,,,
4,F1,P1_10,M,900000,1000000,2687,903346.0,906033.0,93967.0
4,F1,P1_11,O,1000000,1100000,2687,,,
4,F1,P1_12,O,1100000,1200000,2687,,,
4,F10,P10_1,M,0,200000,1315,6033.0,7348.0,192652.0
4,F10,P10_2,O,200000,400000,1315,,,
4,F10,P10_3,O,400000,600000,1315,,,
4,F10,P10_4,M,600000,800000,1315,606033.0,607348.0,192652.0
4,F10,P10_5,O,800000,1000000,1315,,,
4,F10,P10_6,O,1000000,1200000,1315,,,
4,F11,P11_1,O,0,200000,11125,,,
4,F11,P11_2,O,200000,400000,11125,,,
4,F11,P11_3,M,400000,600000,11125,412511.0,423636.0,176364.0
4,F11,P11_4,O,600000,800000,11125,,,
4,F11,P11_5,O,800000,1000000,11125,,,
4,F11,P11_6,M,1000000,1200000,11125,1012511.0,1023636.0,176364.0
4,F12,P12_1,M,0,100000,3346,0.0,3346.0,96654.0
4,F12,P12_2,O,100000,200000,3346,,,
4,F12,P12_3,O,200000,300000,3346,,,
4,F12,P12_4,M,300000,400000,3346,300000.0,303346.0,96654.0
4,F12,P12_5,O,400000,500000,3346,,,
4,F12,P12_6,O,500000,600000,3346,,,
4,F12,P12_7,M,600000,700000,3346,600000.0,603346.0,96654.0
4,F12,P12_8,O,700000,800000,3346,,,
4,F12,P12_9,O,800000,900000,3346,,,
4,F12,P12_10,M,900000,1000000,3346,900000.0,903346.0,96654.0
4,F12,P12_11,O,1000000,1100000,3346,,,
4,F12,P12_12,O,1100000,1200000,3346,,,
4,F20,P20_1,O,0,200000,4689,,,
4,F20,P20_2,M,200000,400000,4689,208852.0,213541.0,186459.0
4,F20,P20_3,O,400000,600000,4689,,,
4,F20,P20_4,O,600000,800000,4689,,,
4,F20,P20_5,M,800000,1000000,4689,808852.0,813541.0,186459.0
4,F20,P20_6,O,1000000,1200000,4689,,,
4,F22,P22_1,O,0,400000,600,,,
4,F22,P22_2,O,400000,800000,600,,,
4,F22,P22_3,M,800000,1200000,600,817437.0,818037.0,381963.0
4,F23,P23_1,O,0,100000,8852,,,
4,F23,P23_2,O,100000,200000,8852,,,
4,F23,P23_3,M,200000,300000,8852,200000.0,208852.0,91148.0
4,F23,P23_4,O,300000,400000,8852,,,
4,F23,P23_5,O,400000,500000,8852,,,
4,F23,P23_6,M,500000,600000,8852,500000.0,508852.0,91148.0
4,F23,P23_7,O,600000,700000,8852,,,
4,F23,P23_8,O,700000,800000,8852,,,
4,F23,P23_9,M,800000,900000,8852,800000.0,808852.0,91148.0
4,F23,P23_10,O,900000,1000000,8852,,,
4,F23,P23_11,O,1000000,1100000,8852,,,
4,F23,P23_12,M,1100000,1200000,8852,1100000.0,1108852.0,91148.0
4,F24,P24_1,O,0,100000,6075,,,
4,F24,P24_2,M,100000,200000,6075,106436.0,112511.0,87489.0
4,F24,P24_3,O,200000,300000,6075,,,
4,F24,P24_4,O,300000,400000,6075,,,
4,F24,P24_5,M,400000,500000,6075,406436.0,412511.0,87489.0
4,F24,P24_6,O,500000,600000,6075,,,
4,F24,P24_7,O,600000,700000,6075,,,
4,F24,P24_8,M,700000,800000,6075,706436.0,712511.0,87489.0
4,F24,P24_9,O,800000,900000,6075,,,
4,F24,P24_10,O,900000,1000000,6075,,,
4,F24,P24_11,M,1000000,1100000,6075,1006436.0,1012511.0,87489.0
4,F24,P24_12,O,1100000,1200000,6075,,,
4,F31,P31_1,O,0,400000,801,,,
4,F31,P31_2,O,400000,800000,801,,,
4,F31,P31_3,M,800000,1200000,801,816635.0,817436.0,382564.0
4,F48,P48_1,O,0,100000,6436,,,
4,F48,P48_2,M,100000,200000,6436,100000.0,106436.0,93564.0
4,F48,P48_3,O,200000,300000,6436,,,
4,F48,P48_4,O,300000,400000,6436,,,
4,F48,P48_5,M,400000,500000,6436,400000.0,406436.0,93564.0
4,F48,P48_6,O,500000,600000,6436,,,
4,F48,P48_7,O,600000,700000,6436,,,
4,F48,P48_8,M,700000,800000,6436,700000.0,706436.0,93564.0
4,F48,P48_9,O,800000,900000,6436,,,
4,F48,P48_10,O,900000,1000000,6436,,,
4,F48,P48_11,M,1000000,1100000,6436,1000000.0,1006436.0,93564.0
4,F48,P48_12,O,1100000,1200000,6436,,,
4,F9,P9_1,M,0,400000,3095,7348.0,10443.0,389557.0
4,F9,P9_2,O,400000,800000,3095,,,
4,F9,P9_3,O,800000,1200000,3095,,,
5,F3,P3_1,O,0,200000,889,,,
5,F3,P3_2,O,200000,400000,889,,,
5,F3,P3_3,M,400000,600000,889,400000.0,400889.0,199111.0
5,F3,P3_4,O,600000,800000,889,,,
5,F3,P3_5,O,800000,1000000,889,,,
5,F3,P3_6,M,1000000,1200000,889,1000000.0,1000889.0,199111.0
5,F30,P30_1,O,0,400000,3083,,,
5,F30,P30_2,M,400000,800000,3083,400889.0,403972.0,396028.0
5,F30,P30_3,O,800000,1200000,3083,,,
5,F39,P39_1,M,0,200000,768,0.0,768.0,199232.0
5,F39,P39_2,O,200000,400000,768,,,
5,F39,P39_3,O,400000,600000,768,,,
5,F39,P39_4,M,600000,800000,768,600000.0,600768.0,199232.0
5,F39,P39_5,O,800000,1000000,768,,,
5,F39,P39_6,O,1000000,1200000,768,,,
5,F46,P46_1,O,0,200000,1984,,,
5,F46,P46_2,M,200000,400000,1984,200000.0,201984.0,198016.0
5,F46,P46_3,O,400000,600000,1984,,,
5,F46,P46_4,O,600000,800000,1984,,,
5,F46,P46_5,M,800000,1000000,1984,800000.0,801984.0,198016.0
5,F46,P46_6,O,1000000,1200000,1984,,,
5,F7,P7_1,M,0,400000,4491,768.0,5259.0,394741.0
5,F7,P7_2,O,400000,800000,4491,,,
5,F7,P7_3,O,800000,1200000,4491,,,
6,F14,P14_1,O,0,400000,3101,,,
6,F14,P14_2,M,400000,800000,3101,400000.0,403101.0,396899.0
6,F14,P14_3,O,800000,1200000,3101,,,
6,F2,P2_1,M,0,400000,600,0.0,600.0,399400.0
6,F2,P2_2,O,400000,800000,600,,,
6,F2,P2_3,O,800000,1200000,600,,,
6,F26,P26_1,O,0,400000,2697,,,
6,F26,P26_2,O,400000,800000,2697,,,
6,F26,P26_3,M,800000,1200000,2697,800000.0,802697.0,397303.0
6,F8,P8_1,M,0,400000,600,600.0,1200.0,398800.0
6,F8,P8_2,O,400000,800000,600,,,
6,F8,P8_3,O,800000,1200000,600,,,
7,F13,P13_1,O,0,200000,8934,,,
7,F13,P13_2,M,200000,400000,8934,200000.0,208934.0,191066.0
7,F13,P13_3,O,400000,600000,8934,,,
7,F13,P13_4,O,600000,800000,8934,,,
7,F13,P13_5,M,800000,1000000,8934,800000.0,808934.0,191066.0
7,F13,P13_6,O,1000000,1200000,8934,,,
7,F16,P16_1,M,0,200000,2267,0.0,2267.0,197733.0
7,F16,P16_2,O,200000,400000,2267,,,
7,F16,P16_3,O,400000,600000,2267,,,
7,F16,P16_4,M,600000,800000,2267,600000.0,602267.0,197733.0
7,F16,P16_5,O,800000,1000000,2267,,,
7,F16,P16_6,O,1000000,1200000,2267,,,
7,F28,P28_1,O,0,400000,1050,,,
7,F28,P28_2,M,400000,800000,1050,404199.0,405249.0,394751.0
7,F28,P28_3,O,800000,1200000,1050,,,
7,F29,P29_1,O,0,400000,2556,,,
7,F29,P29_2,M,400000,800000,2556,401643.0,404199.0,395801.0
7,F29,P29_3,O,800000,1200000,2556,,,
7,F32,P32_1,M,0,400000,10231,2267.0,12498.0,387502.0
7,F32,P32_2,O,400000,800000,10231,,,
7,F32,P32_3,O,800000,1200000,10231,,,
7,F36,P36_1,O,0,200000,1643,,,
7,F36,P36_2,O,200000,400000,1643,,,
7,F36,P36_3,M,400000,600000,1643,400000.0,401643.0,198357.0
7,F36,P36_4,O,600000,800000,1643,,,
7,F36,P36_5,O,800000,1000000,1643,,,
7,F36,P36_6,M,1000000,1200000,1643,1000000.0,1001643.0,198357.0
7,F4,P4_1,O,0,400000,4162,,,
7,F4,P4_2,O,400000,800000,4162,,,
7,F4,P4_3,M,800000,1200000,4162,808934.0,813096.0,386904.0
